<?xml version = '1.0' encoding = 'UTF-8'?>
<InheritanceRelation class="oracle.dbtools.crest.model.design.logical.InheritanceRelation" name="Hierarchy_2" directorySegmentName="seg_0" id="36817EAA-E7B4-2C0F-BDAD-BC7B4C2D4873">
<createdBy>Wesley Pegoraro</createdBy>
<createdTime>2023-06-23 20:47:59 UTC</createdTime>
<ownerDesignName>ER Model - Law Firm</ownerDesignName>
<engineerTo>
<item key="0CC0B102-3D96-EF0A-36F7-111ED5E27BC7" value="true"/>
</engineerTo>
<identifying>false</identifying>
<nameOnSource>Super Type</nameOnSource>
<nameOnTarget>Sub Type</nameOnTarget>
<optionalSource>true</optionalSource>
<optionalTarget>true</optionalTarget>
<sourceEntity>31AD8F3B-BCE8-F364-BD0C-D0FBABF84891</sourceEntity>
<targetEntity>5EF0E333-A1AE-9E71-5EDA-77BAA36325DE</targetEntity>
<transferable>true</transferable>
<deleteRule>NO ACTION</deleteRule>
</InheritanceRelation>