<?xml version = '1.0' encoding = 'UTF-8'?>
<InheritanceRelation class="oracle.dbtools.crest.model.design.logical.InheritanceRelation" name="Hierarchy_5" directorySegmentName="seg_0" id="6D1B8644-C78D-7D90-F57C-0137B25F8C43">
<createdBy>Wesley Pegoraro</createdBy>
<createdTime>2023-06-23 20:52:26 UTC</createdTime>
<ownerDesignName>ER Model - Law Firm</ownerDesignName>
<engineerTo>
<item key="0CC0B102-3D96-EF0A-36F7-111ED5E27BC7" value="true"/>
</engineerTo>
<identifying>false</identifying>
<nameOnSource>Super Type</nameOnSource>
<nameOnTarget>Sub Type</nameOnTarget>
<optionalSource>true</optionalSource>
<optionalTarget>true</optionalTarget>
<sourceEntity>5EF0E333-A1AE-9E71-5EDA-77BAA36325DE</sourceEntity>
<targetEntity>5316FC90-5A2B-D1E2-FF8E-461639A97DEC</targetEntity>
<transferable>true</transferable>
<deleteRule>NO ACTION</deleteRule>
</InheritanceRelation>