<?xml version = '1.0' encoding = 'UTF-8'?>
<Diagram class="oracle.dbtools.crest.swingui.logical.DPVLogical" name="Logical" id="5A9AC22C-688D-8380-D2B4-4ED43581852C">
<createdBy>Wesley Pegoraro</createdBy>
<modifiedBy>Wesley Pegoraro</modifiedBy>
<createdTime>2023-05-24 14:45:35 UTC</createdTime>
<autoRoute>false</autoRoute>
<boxInbox>true</boxInbox>
<showLegend>false</showLegend>
<showLabels>true</showLabels>
<showRelAttributes>false</showRelAttributes>
<gridEnabled>false</gridEnabled>
<showGrid>false</showGrid>
<diagramColor>-1</diagramColor>
<display>false</display>
<notation>1</notation>
<showComments>true</showComments>
<objectViews>
<OView class="oracle.dbtools.crest.swingui.logical.TVEntity" oid="0A65052D-083B-8B7F-2960-946D86392ED2" otype="Entity" vid="A70054D2-E02B-E756-2493-22BB9F9B8FD9">
<hideElementsInCurrentOnly>false</hideElementsInCurrentOnly>
<bounds x="611" y="258" width="177" height="127"/>
</OView>
<OView class="oracle.dbtools.crest.swingui.logical.TVEntity" oid="172D5666-82E3-0BCA-9270-9283BCC88121" otype="Entity" vid="0556BE96-A6AB-5E8E-F4F0-4EB87928FB0A">
<hideElementsInCurrentOnly>false</hideElementsInCurrentOnly>
<bounds x="292" y="344" width="145" height="318"/>
</OView>
<OView class="oracle.dbtools.crest.swingui.logical.TVEntity" oid="23E2B97F-B15A-56C4-3BDB-A919E249DB6B" otype="Entity" vid="F51A2E25-1FE5-4DDA-B0D3-FD4078371153">
<hideElementsInCurrentOnly>false</hideElementsInCurrentOnly>
<bounds x="1097" y="197" width="142" height="64"/>
</OView>
<OView class="oracle.dbtools.crest.swingui.logical.TVEntity" oid="2B101DE7-BB06-F790-5819-D78FECE627EF" otype="Entity" vid="6B43F842-4B1E-89F5-0009-77D26EBC20E0">
<hideElementsInCurrentOnly>false</hideElementsInCurrentOnly>
<bounds x="1499" y="483" width="202" height="110"/>
</OView>
<OView class="oracle.dbtools.crest.swingui.logical.TVEntity" oid="31AD8F3B-BCE8-F364-BD0C-D0FBABF84891" otype="Entity" vid="1A262CCD-B7AE-F564-11C5-14BB0C9B9D5E">
<hideElementsInCurrentOnly>false</hideElementsInCurrentOnly>
<bounds x="1497" y="9" width="205" height="366"/>
</OView>
<OView class="oracle.dbtools.crest.swingui.logical.TVEntity" oid="5316FC90-5A2B-D1E2-FF8E-461639A97DEC" otype="Entity" vid="37119E32-4839-02A7-ABDB-836E378B33CC">
<hideElementsInCurrentOnly>false</hideElementsInCurrentOnly>
<bounds x="1515" y="281" width="164" height="74"/>
</OView>
<OView class="oracle.dbtools.crest.swingui.logical.TVEntity" oid="5EF0E333-A1AE-9E71-5EDA-77BAA36325DE" otype="Entity" vid="AAABB933-18FA-1977-40D3-E6EB0CFCEE4A">
<hideElementsInCurrentOnly>false</hideElementsInCurrentOnly>
<bounds x="1505" y="51" width="184" height="314"/>
</OView>
<OView class="oracle.dbtools.crest.swingui.logical.TVEntity" oid="82E222F8-6F35-6592-293F-3C4FB98C74C8" otype="Entity" vid="372E357B-4C4B-1659-F150-64842EA9AF1E">
<hideElementsInCurrentOnly>false</hideElementsInCurrentOnly>
<bounds x="608" y="474" width="175" height="73"/>
</OView>
<OView class="oracle.dbtools.crest.swingui.logical.TVEntity" oid="9DF90608-1A2D-8368-4986-8C73B57ABE36" otype="Entity" vid="DFC30EAE-0526-0C14-B3CC-6CC82F6F6FF5">
<hideElementsInCurrentOnly>false</hideElementsInCurrentOnly>
<bounds x="607" y="560" width="173" height="103"/>
</OView>
<OView class="oracle.dbtools.crest.swingui.logical.TVEntity" oid="AE4DD5A2-4106-2014-230F-EB57002B6BE2" otype="Entity" vid="6B3BC7CA-1821-4D9E-60F7-23E975F86DFF">
<hideElementsInCurrentOnly>false</hideElementsInCurrentOnly>
<bounds x="1515" y="127" width="164" height="74"/>
</OView>
<OView class="oracle.dbtools.crest.swingui.logical.TVEntity" oid="B315EEEE-7D80-AD4E-3DDE-512E9C87BF15" otype="Entity" vid="6F0DECD8-BC8D-5B2F-344F-D61BD7B15F8E">
<hideElementsInCurrentOnly>false</hideElementsInCurrentOnly>
<bounds x="804" y="186" width="119" height="238"/>
</OView>
<OView class="oracle.dbtools.crest.swingui.logical.TVEntity" oid="C943AA31-5E24-4F20-04DB-B1DDE7ABAA62" otype="Entity" vid="51B5082D-B028-8845-B44A-BB89C8759ECB">
<hideElementsInCurrentOnly>false</hideElementsInCurrentOnly>
<bounds x="294" y="206" width="144" height="110"/>
</OView>
<OView class="oracle.dbtools.crest.swingui.logical.TVEntity" oid="D451F6CD-D3EA-790F-4112-47D7606B967A" otype="Entity" vid="E2E0D59A-9136-2465-6C92-2AA2BECE59FE">
<hideElementsInCurrentOnly>false</hideElementsInCurrentOnly>
<bounds x="1266" y="199" width="169" height="135"/>
</OView>
<OView class="oracle.dbtools.crest.swingui.logical.TVEntity" oid="DFA939B9-0D22-6107-4714-FDDDEC13E5C5" otype="Entity" vid="8F339DDD-A160-14D4-8E08-49D48DD5B1DB">
<hideElementsInCurrentOnly>false</hideElementsInCurrentOnly>
<bounds x="1515" y="209" width="164" height="64"/>
</OView>
<OView class="oracle.dbtools.crest.swingui.logical.TVEntity" oid="E0C3E20F-386D-65F3-5EE1-A8B78FAE53A1" otype="Entity" vid="B2D58BEE-7B07-01C1-064F-DCBC36983C0C">
<hideElementsInCurrentOnly>false</hideElementsInCurrentOnly>
<bounds x="1094" y="5" width="299" height="74"/>
</OView>
<OView class="oracle.dbtools.crest.swingui.logical.TVEntity" oid="E9D8F299-B035-0124-EF75-CDA645047F75" otype="Entity" vid="18C506B6-9C4E-85C0-895C-51469E366EB3">
<hideElementsInCurrentOnly>false</hideElementsInCurrentOnly>
<bounds x="1097" y="350" width="142" height="81"/>
</OView>
</objectViews>
<connectors>
<Connector class="oracle.dbtools.crest.swingui.logical.TVRelation" oid="0319E97A-02A6-300B-AD2B-8412589F5338" otype="Relation" vid_source="F51A2E25-1FE5-4DDA-B0D3-FD4078371153" vid_target="6F0DECD8-BC8D-5B2F-344F-D61BD7B15F8E">
<hideElementsInCurrentOnly>false</hideElementsInCurrentOnly>
<backgroundColor>-16777216</backgroundColor>
<lineWidth>1</lineWidth>
<sourceLabel class="oracle.dbtools.crest.model.design.Label">
<site>0</site>
<labelBounds x="1038" y="203" width="53" height="28"/>
<noBackgroundColor>true</noBackgroundColor>
<noForegroundColor>true</noForegroundColor>
</sourceLabel>
<targetLabel class="oracle.dbtools.crest.model.design.Label">
<site>2</site>
<labelBounds x="933" y="234" width="35" height="35"/>
<noBackgroundColor>true</noBackgroundColor>
<noForegroundColor>true</noForegroundColor>
</targetLabel>
<points>
<point x="1097" y="231"/>
<point x="936" y="231"/>
<point x="923" y="231"/>
</points>
</Connector>
<Connector class="oracle.dbtools.crest.swingui.logical.TVRelation" oid="33709BC3-5ECF-6823-C408-5EB0B38D6D22" otype="Relation" vid_source="6B43F842-4B1E-89F5-0009-77D26EBC20E0" vid_target="1A262CCD-B7AE-F564-11C5-14BB0C9B9D5E">
<hideElementsInCurrentOnly>false</hideElementsInCurrentOnly>
<backgroundColor>-16777216</backgroundColor>
<lineWidth>1</lineWidth>
<sourceLabel class="oracle.dbtools.crest.model.design.Label">
<site>0</site>
<labelBounds x="1600" y="457" width="61" height="20"/>
<noBackgroundColor>true</noBackgroundColor>
<noForegroundColor>true</noForegroundColor>
</sourceLabel>
<targetLabel class="oracle.dbtools.crest.model.design.Label">
<site>2</site>
<labelBounds x="1600" y="401" width="63" height="30"/>
<noBackgroundColor>true</noBackgroundColor>
<noForegroundColor>true</noForegroundColor>
</targetLabel>
<points>
<point x="1600" y="483"/>
<point x="1600" y="375"/>
</points>
</Connector>
<Connector class="oracle.dbtools.crest.swingui.logical.TVRelation" oid="35945646-68AB-6ADA-2805-279DCCED31EB" otype="Relation" vid_source="372E357B-4C4B-1659-F150-64842EA9AF1E" vid_target="A70054D2-E02B-E756-2493-22BB9F9B8FD9">
<hideElementsInCurrentOnly>false</hideElementsInCurrentOnly>
<backgroundColor>-16777216</backgroundColor>
<lineWidth>1</lineWidth>
<sourceLabel class="oracle.dbtools.crest.model.design.Label">
<site>0</site>
<labelBounds x="697" y="448" width="53" height="20"/>
<noBackgroundColor>true</noBackgroundColor>
<noForegroundColor>true</noForegroundColor>
</sourceLabel>
<targetLabel class="oracle.dbtools.crest.model.design.Label">
<site>2</site>
<labelBounds x="697" y="411" width="72" height="20"/>
<noBackgroundColor>true</noBackgroundColor>
<noForegroundColor>true</noForegroundColor>
</targetLabel>
<points>
<point x="697" y="474"/>
<point x="697" y="385"/>
</points>
</Connector>
<Connector class="oracle.dbtools.crest.swingui.logical.TVInheritanceRelation" oid="36817EAA-E7B4-2C0F-BDAD-BC7B4C2D4873" otype="Hierarchy relation" vid_source="1A262CCD-B7AE-F564-11C5-14BB0C9B9D5E" vid_target="AAABB933-18FA-1977-40D3-E6EB0CFCEE4A">
<hideElementsInCurrentOnly>false</hideElementsInCurrentOnly>
<backgroundColor>-65536</backgroundColor>
<lineWidth>1</lineWidth>
</Connector>
<Connector class="oracle.dbtools.crest.swingui.logical.TVRelation" oid="457F21CC-F65F-82C8-6C9D-76A98A1069A0" otype="Relation" vid_source="A70054D2-E02B-E756-2493-22BB9F9B8FD9" vid_target="0556BE96-A6AB-5E8E-F4F0-4EB87928FB0A">
<hideElementsInCurrentOnly>false</hideElementsInCurrentOnly>
<backgroundColor>-16777216</backgroundColor>
<lineWidth>1</lineWidth>
<sourceLabel class="oracle.dbtools.crest.model.design.Label">
<site>0</site>
<labelBounds x="527" y="344" width="78" height="20"/>
<noBackgroundColor>true</noBackgroundColor>
<noForegroundColor>true</noForegroundColor>
</sourceLabel>
<targetLabel class="oracle.dbtools.crest.model.design.Label">
<site>2</site>
<labelBounds x="447" y="367" width="53" height="30"/>
<noBackgroundColor>true</noBackgroundColor>
<noForegroundColor>true</noForegroundColor>
</targetLabel>
<points>
<point x="611" y="364"/>
<point x="437" y="364"/>
</points>
</Connector>
<Connector class="oracle.dbtools.crest.swingui.logical.TVRelation" oid="5C970F64-0E00-E4F4-75C1-91753DB79D0B" otype="Relation" vid_source="E2E0D59A-9136-2465-6C92-2AA2BECE59FE" vid_target="6F0DECD8-BC8D-5B2F-344F-D61BD7B15F8E">
<hideElementsInCurrentOnly>false</hideElementsInCurrentOnly>
<backgroundColor>-16777216</backgroundColor>
<lineWidth>1</lineWidth>
<sourceLabel class="oracle.dbtools.crest.model.design.Label">
<site>0</site>
<labelBounds x="1182" y="266" width="78" height="20"/>
<noBackgroundColor>true</noBackgroundColor>
<noForegroundColor>true</noForegroundColor>
</sourceLabel>
<targetLabel class="oracle.dbtools.crest.model.design.Label">
<site>2</site>
<labelBounds x="933" y="289" width="33" height="33"/>
<noBackgroundColor>true</noBackgroundColor>
<noForegroundColor>true</noForegroundColor>
</targetLabel>
<points>
<point x="1266" y="286"/>
<point x="1063" y="286"/>
<point x="923" y="286"/>
</points>
</Connector>
<Connector class="oracle.dbtools.crest.swingui.logical.TVInheritanceRelation" oid="6D1B8644-C78D-7D90-F57C-0137B25F8C43" otype="Hierarchy relation" vid_source="AAABB933-18FA-1977-40D3-E6EB0CFCEE4A" vid_target="37119E32-4839-02A7-ABDB-836E378B33CC">
<hideElementsInCurrentOnly>false</hideElementsInCurrentOnly>
<backgroundColor>-65536</backgroundColor>
<lineWidth>1</lineWidth>
</Connector>
<Connector class="oracle.dbtools.crest.swingui.logical.TVRelation" oid="6FDAE175-CAE9-742D-2D28-24BDF3974951" otype="Relation" vid_source="A70054D2-E02B-E756-2493-22BB9F9B8FD9" vid_target="51B5082D-B028-8845-B44A-BB89C8759ECB">
<hideElementsInCurrentOnly>false</hideElementsInCurrentOnly>
<backgroundColor>-16777216</backgroundColor>
<lineWidth>1</lineWidth>
<sourceLabel class="oracle.dbtools.crest.model.design.Label">
<site>0</site>
<labelBounds x="549" y="267" width="56" height="20"/>
<noBackgroundColor>true</noBackgroundColor>
<noForegroundColor>true</noForegroundColor>
</sourceLabel>
<targetLabel class="oracle.dbtools.crest.model.design.Label">
<site>2</site>
<labelBounds x="448" y="290" width="34" height="30"/>
<noBackgroundColor>true</noBackgroundColor>
<noForegroundColor>true</noForegroundColor>
</targetLabel>
<points>
<point x="611" y="287"/>
<point x="438" y="287"/>
</points>
</Connector>
<Connector class="oracle.dbtools.crest.swingui.logical.TVInheritanceRelation" oid="754272A7-B705-7540-89AB-2A2BBCBFAD6C" otype="Hierarchy relation" vid_source="AAABB933-18FA-1977-40D3-E6EB0CFCEE4A" vid_target="6B3BC7CA-1821-4D9E-60F7-23E975F86DFF">
<hideElementsInCurrentOnly>false</hideElementsInCurrentOnly>
<backgroundColor>-65536</backgroundColor>
<lineWidth>1</lineWidth>
</Connector>
<Connector class="oracle.dbtools.crest.swingui.logical.TVRelation" oid="AB7C76CC-8BC0-4924-4934-22DCF54D6AE3" otype="Relation" vid_source="1A262CCD-B7AE-F564-11C5-14BB0C9B9D5E" vid_target="B2D58BEE-7B07-01C1-064F-DCBC36983C0C">
<hideElementsInCurrentOnly>false</hideElementsInCurrentOnly>
<backgroundColor>-16777216</backgroundColor>
<lineWidth>1</lineWidth>
<sourceLabel class="oracle.dbtools.crest.model.design.Label">
<site>0</site>
<labelBounds x="1437" y="14" width="54" height="30"/>
<noBackgroundColor>true</noBackgroundColor>
<noForegroundColor>true</noForegroundColor>
</sourceLabel>
<targetLabel class="oracle.dbtools.crest.model.design.Label">
<site>2</site>
<labelBounds x="1403" y="47" width="24" height="30"/>
<noBackgroundColor>true</noBackgroundColor>
<noForegroundColor>true</noForegroundColor>
</targetLabel>
<points>
<point x="1497" y="44"/>
<point x="1393" y="44"/>
</points>
</Connector>
<Connector class="oracle.dbtools.crest.swingui.logical.TVRelation" oid="B20CF116-7E1C-EAC4-3B0A-41D5FD3CAF82" otype="Relation" vid_source="6F0DECD8-BC8D-5B2F-344F-D61BD7B15F8E" vid_target="51B5082D-B028-8845-B44A-BB89C8759ECB">
<hideElementsInCurrentOnly>false</hideElementsInCurrentOnly>
<backgroundColor>-16777216</backgroundColor>
<lineWidth>1</lineWidth>
<sourceLabel class="oracle.dbtools.crest.model.design.Label">
<site>0</site>
<labelBounds x="723" y="211" width="75" height="30"/>
<noBackgroundColor>true</noBackgroundColor>
<noForegroundColor>true</noForegroundColor>
</sourceLabel>
<targetLabel class="oracle.dbtools.crest.model.design.Label">
<site>2</site>
<labelBounds x="448" y="244" width="24" height="30"/>
<noBackgroundColor>true</noBackgroundColor>
<noForegroundColor>true</noForegroundColor>
</targetLabel>
<points>
<point x="804" y="241"/>
<point x="542" y="241"/>
<point x="438" y="241"/>
</points>
</Connector>
<Connector class="oracle.dbtools.crest.swingui.logical.TVRelation" oid="B3DAF9EA-19B4-5B7F-8203-F09673E45E77" otype="Relation" vid_source="372E357B-4C4B-1659-F150-64842EA9AF1E" vid_target="0556BE96-A6AB-5E8E-F4F0-4EB87928FB0A">
<hideElementsInCurrentOnly>false</hideElementsInCurrentOnly>
<backgroundColor>-16777216</backgroundColor>
<lineWidth>1</lineWidth>
<sourceLabel class="oracle.dbtools.crest.model.design.Label">
<site>0</site>
<labelBounds x="524" y="490" width="78" height="20"/>
<noBackgroundColor>true</noBackgroundColor>
<noForegroundColor>true</noForegroundColor>
</sourceLabel>
<targetLabel class="oracle.dbtools.crest.model.design.Label">
<site>2</site>
<labelBounds x="447" y="513" width="53" height="30"/>
<noBackgroundColor>true</noBackgroundColor>
<noForegroundColor>true</noForegroundColor>
</targetLabel>
<points>
<point x="608" y="510"/>
<point x="437" y="510"/>
</points>
</Connector>
<Connector class="oracle.dbtools.crest.swingui.logical.TVRelation" oid="B917D2BE-71B7-4505-D597-38E2E4EEC25F" otype="Relation" vid_source="F51A2E25-1FE5-4DDA-B0D3-FD4078371153" vid_target="B2D58BEE-7B07-01C1-064F-DCBC36983C0C">
<hideElementsInCurrentOnly>false</hideElementsInCurrentOnly>
<backgroundColor>-16777216</backgroundColor>
<lineWidth>1</lineWidth>
<sourceLabel class="oracle.dbtools.crest.model.design.Label">
<site>0</site>
<labelBounds x="1168" y="163" width="71" height="20"/>
<noBackgroundColor>true</noBackgroundColor>
<noForegroundColor>true</noForegroundColor>
</sourceLabel>
<targetLabel class="oracle.dbtools.crest.model.design.Label">
<site>2</site>
<labelBounds x="1168" y="113" width="59" height="20"/>
<noBackgroundColor>true</noBackgroundColor>
<noForegroundColor>true</noForegroundColor>
<targetAboveTheLine>true</targetAboveTheLine>
</targetLabel>
<points>
<point x="1168" y="197"/>
<point x="1168" y="79"/>
</points>
</Connector>
<Connector class="oracle.dbtools.crest.swingui.logical.TVRelation" oid="BCE7DBAE-FE61-1297-F313-E676E24E70AB" otype="Relation" vid_source="E2E0D59A-9136-2465-6C92-2AA2BECE59FE" vid_target="B2D58BEE-7B07-01C1-064F-DCBC36983C0C">
<hideElementsInCurrentOnly>false</hideElementsInCurrentOnly>
<backgroundColor>-16777216</backgroundColor>
<lineWidth>1</lineWidth>
<sourceLabel class="oracle.dbtools.crest.model.design.Label">
<site>0</site>
<labelBounds x="1329" y="165" width="71" height="20"/>
<noBackgroundColor>true</noBackgroundColor>
<noForegroundColor>true</noForegroundColor>
</sourceLabel>
<targetLabel class="oracle.dbtools.crest.model.design.Label">
<site>2</site>
<labelBounds x="1329" y="121" width="59" height="20"/>
<noBackgroundColor>true</noBackgroundColor>
<noForegroundColor>true</noForegroundColor>
</targetLabel>
<points>
<point x="1329" y="199"/>
<point x="1329" y="79"/>
</points>
</Connector>
<Connector class="oracle.dbtools.crest.swingui.logical.TVRelation" oid="CAC8F338-CB1B-2DFE-3F58-1A0D84905157" otype="Relation" vid_source="DFC30EAE-0526-0C14-B3CC-6CC82F6F6FF5" vid_target="0556BE96-A6AB-5E8E-F4F0-4EB87928FB0A">
<hideElementsInCurrentOnly>false</hideElementsInCurrentOnly>
<backgroundColor>-16777216</backgroundColor>
<lineWidth>1</lineWidth>
<sourceLabel class="oracle.dbtools.crest.model.design.Label">
<site>0</site>
<labelBounds x="500" y="591" width="101" height="20"/>
<noBackgroundColor>true</noBackgroundColor>
<noForegroundColor>true</noForegroundColor>
</sourceLabel>
<targetLabel class="oracle.dbtools.crest.model.design.Label">
<site>2</site>
<labelBounds x="447" y="614" width="24" height="30"/>
<noBackgroundColor>true</noBackgroundColor>
<noForegroundColor>true</noForegroundColor>
</targetLabel>
<points>
<point x="607" y="611"/>
<point x="437" y="611"/>
</points>
</Connector>
<Connector class="oracle.dbtools.crest.swingui.logical.TVRelation" oid="EE0F0B17-6FF6-D65F-DB08-E40672ACCC81" otype="Relation" vid_source="18C506B6-9C4E-85C0-895C-51469E366EB3" vid_target="6F0DECD8-BC8D-5B2F-344F-D61BD7B15F8E">
<hideElementsInCurrentOnly>false</hideElementsInCurrentOnly>
<backgroundColor>-16777216</backgroundColor>
<lineWidth>1</lineWidth>
<sourceLabel class="oracle.dbtools.crest.model.design.Label">
<site>0</site>
<labelBounds x="1009" y="357" width="82" height="30"/>
<noBackgroundColor>true</noBackgroundColor>
<noForegroundColor>true</noForegroundColor>
</sourceLabel>
<targetLabel class="oracle.dbtools.crest.model.design.Label">
<site>2</site>
<labelBounds x="933" y="390" width="47" height="30"/>
<noBackgroundColor>true</noBackgroundColor>
<noForegroundColor>true</noForegroundColor>
</targetLabel>
<points>
<point x="1097" y="387"/>
<point x="923" y="387"/>
</points>
</Connector>
<Connector class="oracle.dbtools.crest.swingui.logical.TVInheritanceRelation" oid="F37E3B41-EC13-A0EC-EBF6-B47708A30349" otype="Hierarchy relation" vid_source="AAABB933-18FA-1977-40D3-E6EB0CFCEE4A" vid_target="8F339DDD-A160-14D4-8E08-49D48DD5B1DB">
<hideElementsInCurrentOnly>false</hideElementsInCurrentOnly>
<backgroundColor>-65536</backgroundColor>
<lineWidth>1</lineWidth>
</Connector>
</connectors>
<arcs>
<Arc class="oracle.dbtools.crest.swingui.logical.TVArc" oid="63FDED53-27BD-4680-13DA-AF85F0430B67" otype="Arc" vid="F8CC9F7E-9FC1-1F01-41AE-C7A883CA7EBF">
<hideElementsInCurrentOnly>false</hideElementsInCurrentOnly>
<bounds x="784" y="166" width="159" height="278"/>
</Arc>
<Arc class="oracle.dbtools.crest.swingui.logical.TVArc" oid="A92EFC54-F618-652E-C111-88F5FEAA2EEB" otype="Arc" vid="AE1403C8-0D51-F9D1-D4D8-0B52FE98D1AE">
<hideElementsInCurrentOnly>false</hideElementsInCurrentOnly>
<bounds x="272" y="324" width="185" height="358"/>
</Arc>
<Arc class="oracle.dbtools.crest.swingui.logical.TVArc" oid="BE0CC44E-E5D4-FF96-58BD-6F96AFA27394" otype="Arc" vid="5057AE1E-7A5E-0E34-6B64-DA58E16EA4FD">
<hideElementsInCurrentOnly>false</hideElementsInCurrentOnly>
<bounds x="1074" y="-15" width="339" height="114"/>
</Arc>
</arcs>
</Diagram>