<?xml version = '1.0' encoding = 'UTF-8'?>
<Arc class="oracle.dbtools.crest.model.design.logical.Arc" directorySegmentName="seg_0" id="63FDED53-27BD-4680-13DA-AF85F0430B67" name="Arc_2">
<createdBy>Wesley Pegoraro</createdBy>
<createdTime>2023-06-23 20:17:30 UTC</createdTime>
<ownerDesignName>ER Model - Law Firm</ownerDesignName>
<engineerTo>
<item key="0CC0B102-3D96-EF0A-36F7-111ED5E27BC7" value="true"/>
</engineerTo>
<entity>B315EEEE-7D80-AD4E-3DDE-512E9C87BF15</entity>
<relations>
<relationID>0319E97A-02A6-300B-AD2B-8412589F5338</relationID>
<relationID>5C970F64-0E00-E4F4-75C1-91753DB79D0B</relationID>
</relations>
</Arc>