<?xml version = '1.0' encoding = 'UTF-8'?>
<Arc class="oracle.dbtools.crest.model.design.logical.Arc" directorySegmentName="seg_0" id="A92EFC54-F618-652E-C111-88F5FEAA2EEB" name="Arc_3">
<createdBy>Wesley Pegoraro</createdBy>
<createdTime>2023-06-23 20:18:28 UTC</createdTime>
<ownerDesignName>ER Model - Law Firm</ownerDesignName>
<engineerTo>
<item key="0CC0B102-3D96-EF0A-36F7-111ED5E27BC7" value="true"/>
</engineerTo>
<entity>172D5666-82E3-0BCA-9270-9283BCC88121</entity>
<relations>
<relationID>B3DAF9EA-19B4-5B7F-8203-F09673E45E77</relationID>
<relationID>457F21CC-F65F-82C8-6C9D-76A98A1069A0</relationID>
</relations>
</Arc>