<?xml version = '1.0' encoding = 'UTF-8'?>
<Arc class="oracle.dbtools.crest.model.design.logical.Arc" directorySegmentName="seg_0" id="BE0CC44E-E5D4-FF96-58BD-6F96AFA27394" name="Arc_1">
<createdBy>Wesley Pegoraro</createdBy>
<createdTime>2023-06-23 20:16:03 UTC</createdTime>
<ownerDesignName>ER Model - Law Firm</ownerDesignName>
<engineerTo>
<item key="0CC0B102-3D96-EF0A-36F7-111ED5E27BC7" value="true"/>
</engineerTo>
<entity>E0C3E20F-386D-65F3-5EE1-A8B78FAE53A1</entity>
<relations>
<relationID>B917D2BE-71B7-4505-D597-38E2E4EEC25F</relationID>
<relationID>BCE7DBAE-FE61-1297-F313-E676E24E70AB</relationID>
</relations>
</Arc>