<?xml version = '1.0' encoding = 'UTF-8'?>
<Relation class="oracle.dbtools.crest.model.design.logical.Relation" name="to support" directorySegmentName="seg_0" id="0319E97A-02A6-300B-AD2B-8412589F5338">
<createdBy>Wesley Pegoraro</createdBy>
<createdTime>2023-06-01 20:50:52 UTC</createdTime>
<ownerDesignName>ER Model - Law Firm</ownerDesignName>
<engineerTo>
<item key="0CC0B102-3D96-EF0A-36F7-111ED5E27BC7" value="true"/>
</engineerTo>
<sourcePk>F39CD4D9-12FE-4FFC-0F96-8DEBD07D82A5</sourcePk>
<arc>63FDED53-27BD-4680-13DA-AF85F0430B67</arc>
<identifying>false</identifying>
<nameOnSource>supported  with</nameOnSource>
<nameOnTarget>supports</nameOnTarget>
<optionalSource>true</optionalSource>
<optionalTarget>false</optionalTarget>
<sourceCardinality>1</sourceCardinality>
<sourceEntity>23E2B97F-B15A-56C4-3BDB-A919E249DB6B</sourceEntity>
<targetCardinalityString>*</targetCardinalityString>
<targetEntity>B315EEEE-7D80-AD4E-3DDE-512E9C87BF15</targetEntity>
<transferable>true</transferable>
<deleteRule>NO ACTION</deleteRule>
</Relation>