<?xml version = '1.0' encoding = 'UTF-8'?>
<Relation class="oracle.dbtools.crest.model.design.logical.Relation" name="location" directorySegmentName="seg_0" id="33709BC3-5ECF-6823-C408-5EB0B38D6D22">
<createdBy>Wesley Pegoraro</createdBy>
<createdTime>2023-06-23 20:57:14 UTC</createdTime>
<ownerDesignName>ER Model - Law Firm</ownerDesignName>
<engineerTo>
<item key="0CC0B102-3D96-EF0A-36F7-111ED5E27BC7" value="true"/>
</engineerTo>
<sourcePk>7CBA2FB4-22D3-49E6-3BF4-9CD5A0B22B9B</sourcePk>
<identifying>false</identifying>
<nameOnSource>location of</nameOnSource>
<nameOnTarget>located in</nameOnTarget>
<optionalSource>true</optionalSource>
<optionalTarget>false</optionalTarget>
<sourceCardinality>1</sourceCardinality>
<sourceEntity>2B101DE7-BB06-F790-5819-D78FECE627EF</sourceEntity>
<targetCardinalityString>*</targetCardinalityString>
<targetEntity>31AD8F3B-BCE8-F364-BD0C-D0FBABF84891</targetEntity>
<transferable>true</transferable>
<deleteRule>NO ACTION</deleteRule>
</Relation>