<?xml version = '1.0' encoding = 'UTF-8'?>
<Relation class="oracle.dbtools.crest.model.design.logical.Relation" name="to occurs" directorySegmentName="seg_0" id="35945646-68AB-6ADA-2805-279DCCED31EB">
<createdBy>Wesley Pegoraro</createdBy>
<createdTime>2023-05-24 16:36:09 UTC</createdTime>
<ownerDesignName>ER Model - Law Firm</ownerDesignName>
<engineerTo>
<item key="0CC0B102-3D96-EF0A-36F7-111ED5E27BC7" value="true"/>
</engineerTo>
<sourcePk>74AE74DC-034B-EC84-E3CE-EBC816E6CB9E</sourcePk>
<identifying>false</identifying>
<nameOnSource>source of</nameOnSource>
<nameOnTarget>occurs within</nameOnTarget>
<optionalSource>true</optionalSource>
<optionalTarget>false</optionalTarget>
<sourceCardinality>1</sourceCardinality>
<sourceEntity>82E222F8-6F35-6592-293F-3C4FB98C74C8</sourceEntity>
<targetCardinalityString>*</targetCardinalityString>
<targetEntity>0A65052D-083B-8B7F-2960-946D86392ED2</targetEntity>
<transferable>true</transferable>
<deleteRule>NO ACTION</deleteRule>
</Relation>