<?xml version = '1.0' encoding = 'UTF-8'?>
<Relation class="oracle.dbtools.crest.model.design.logical.Relation" name="to supportv1" directorySegmentName="seg_0" id="457F21CC-F65F-82C8-6C9D-76A98A1069A0">
<createdBy>Wesley Pegoraro</createdBy>
<createdTime>2023-06-01 21:08:49 UTC</createdTime>
<ownerDesignName>ER Model - Law Firm</ownerDesignName>
<engineerTo>
<item key="0CC0B102-3D96-EF0A-36F7-111ED5E27BC7" value="true"/>
</engineerTo>
<sourcePk>03CFEEFA-FA83-D42B-28FF-0EE2F1D6786E</sourcePk>
<arc>A92EFC54-F618-652E-C111-88F5FEAA2EEB</arc>
<identifying>false</identifying>
<nameOnSource>supported with</nameOnSource>
<nameOnTarget>supports</nameOnTarget>
<optionalSource>true</optionalSource>
<optionalTarget>false</optionalTarget>
<sourceCardinality>1</sourceCardinality>
<sourceEntity>0A65052D-083B-8B7F-2960-946D86392ED2</sourceEntity>
<targetCardinalityString>*</targetCardinalityString>
<targetEntity>172D5666-82E3-0BCA-9270-9283BCC88121</targetEntity>
<transferable>true</transferable>
<deleteRule>NO ACTION</deleteRule>
</Relation>