<?xml version = '1.0' encoding = 'UTF-8'?>
<Relation class="oracle.dbtools.crest.model.design.logical.Relation" name="to supportv2" directorySegmentName="seg_0" id="5C970F64-0E00-E4F4-75C1-91753DB79D0B">
<createdBy>Wesley Pegoraro</createdBy>
<createdTime>2023-06-01 20:52:23 UTC</createdTime>
<ownerDesignName>ER Model - Law Firm</ownerDesignName>
<engineerTo>
<item key="0CC0B102-3D96-EF0A-36F7-111ED5E27BC7" value="true"/>
</engineerTo>
<sourcePk>A137DA5E-9DAF-FB77-EC94-BF07D816D60A</sourcePk>
<arc>63FDED53-27BD-4680-13DA-AF85F0430B67</arc>
<identifying>false</identifying>
<nameOnSource>supported with</nameOnSource>
<nameOnTarget>supports</nameOnTarget>
<optionalSource>true</optionalSource>
<optionalTarget>false</optionalTarget>
<sourceCardinality>1</sourceCardinality>
<sourceEntity>D451F6CD-D3EA-790F-4112-47D7606B967A</sourceEntity>
<targetCardinalityString>*</targetCardinalityString>
<targetEntity>B315EEEE-7D80-AD4E-3DDE-512E9C87BF15</targetEntity>
<transferable>true</transferable>
<deleteRule>NO ACTION</deleteRule>
</Relation>