<?xml version = '1.0' encoding = 'UTF-8'?>
<Relation class="oracle.dbtools.crest.model.design.logical.Relation" name="motivation" directorySegmentName="seg_0" id="6FDAE175-CAE9-742D-2D28-24BDF3974951">
<createdBy>Wesley Pegoraro</createdBy>
<createdTime>2023-06-01 21:06:43 UTC</createdTime>
<ownerDesignName>ER Model - Law Firm</ownerDesignName>
<engineerTo>
<item key="0CC0B102-3D96-EF0A-36F7-111ED5E27BC7" value="true"/>
</engineerTo>
<sourcePk>03CFEEFA-FA83-D42B-28FF-0EE2F1D6786E</sourcePk>
<identifying>false</identifying>
<nameOnSource>reason for</nameOnSource>
<nameOnTarget>with</nameOnTarget>
<optionalSource>true</optionalSource>
<optionalTarget>false</optionalTarget>
<sourceCardinality>1</sourceCardinality>
<sourceEntity>0A65052D-083B-8B7F-2960-946D86392ED2</sourceEntity>
<targetCardinalityString>*</targetCardinalityString>
<targetEntity>C943AA31-5E24-4F20-04DB-B1DDE7ABAA62</targetEntity>
<transferable>true</transferable>
<deleteRule>NO ACTION</deleteRule>
</Relation>