<?xml version = '1.0' encoding = 'UTF-8'?>
<Relation class="oracle.dbtools.crest.model.design.logical.Relation" name="used" directorySegmentName="seg_0" id="AB7C76CC-8BC0-4924-4934-22DCF54D6AE3">
<createdBy>Wesley Pegoraro</createdBy>
<createdTime>2023-06-01 20:46:39 UTC</createdTime>
<ownerDesignName>ER Model - Law Firm</ownerDesignName>
<engineerTo>
<item key="0CC0B102-3D96-EF0A-36F7-111ED5E27BC7" value="true"/>
</engineerTo>
<identifying>false</identifying>
<nameOnSource>used via</nameOnSource>
<nameOnTarget>of</nameOnTarget>
<optionalSource>true</optionalSource>
<optionalTarget>false</optionalTarget>
<sourceCardinality>1</sourceCardinality>
<sourceEntity>31AD8F3B-BCE8-F364-BD0C-D0FBABF84891</sourceEntity>
<targetCardinalityString>*</targetCardinalityString>
<targetEntity>E0C3E20F-386D-65F3-5EE1-A8B78FAE53A1</targetEntity>
<transferable>true</transferable>
<deleteRule>NO ACTION</deleteRule>
</Relation>