<?xml version = '1.0' encoding = 'UTF-8'?>
<Relation class="oracle.dbtools.crest.model.design.logical.Relation" name="to participate" directorySegmentName="seg_0" id="B20CF116-7E1C-EAC4-3B0A-41D5FD3CAF82">
<createdBy>Wesley Pegoraro</createdBy>
<createdTime>2023-06-01 21:05:15 UTC</createdTime>
<ownerDesignName>ER Model - Law Firm</ownerDesignName>
<engineerTo>
<item key="0CC0B102-3D96-EF0A-36F7-111ED5E27BC7" value="true"/>
</engineerTo>
<identifying>false</identifying>
<nameOnSource>participating</nameOnSource>
<nameOnTarget>of</nameOnTarget>
<optionalSource>true</optionalSource>
<optionalTarget>false</optionalTarget>
<sourceCardinality>1</sourceCardinality>
<sourceEntity>B315EEEE-7D80-AD4E-3DDE-512E9C87BF15</sourceEntity>
<targetCardinalityString>*</targetCardinalityString>
<targetEntity>C943AA31-5E24-4F20-04DB-B1DDE7ABAA62</targetEntity>
<transferable>true</transferable>
<deleteRule>NO ACTION</deleteRule>
</Relation>