<?xml version = '1.0' encoding = 'UTF-8'?>
<Relation class="oracle.dbtools.crest.model.design.logical.Relation" name="to supportv4" directorySegmentName="seg_0" id="B3DAF9EA-19B4-5B7F-8203-F09673E45E77">
<createdBy>Wesley Pegoraro</createdBy>
<createdTime>2023-06-01 21:10:45 UTC</createdTime>
<ownerDesignName>ER Model - Law Firm</ownerDesignName>
<engineerTo>
<item key="0CC0B102-3D96-EF0A-36F7-111ED5E27BC7" value="true"/>
</engineerTo>
<sourcePk>74AE74DC-034B-EC84-E3CE-EBC816E6CB9E</sourcePk>
<arc>A92EFC54-F618-652E-C111-88F5FEAA2EEB</arc>
<identifying>false</identifying>
<nameOnSource>supported with</nameOnSource>
<nameOnTarget>supports</nameOnTarget>
<optionalSource>true</optionalSource>
<optionalTarget>false</optionalTarget>
<sourceCardinality>1</sourceCardinality>
<sourceEntity>82E222F8-6F35-6592-293F-3C4FB98C74C8</sourceEntity>
<targetCardinalityString>*</targetCardinalityString>
<targetEntity>172D5666-82E3-0BCA-9270-9283BCC88121</targetEntity>
<transferable>true</transferable>
<deleteRule>NO ACTION</deleteRule>
</Relation>