<?xml version = '1.0' encoding = 'UTF-8'?>
<Relation class="oracle.dbtools.crest.model.design.logical.Relation" name="belongs to" directorySegmentName="seg_0" id="B917D2BE-71B7-4505-D597-38E2E4EEC25F">
<createdBy>Wesley Pegoraro</createdBy>
<createdTime>2023-06-01 20:43:08 UTC</createdTime>
<ownerDesignName>ER Model - Law Firm</ownerDesignName>
<engineerTo>
<item key="0CC0B102-3D96-EF0A-36F7-111ED5E27BC7" value="true"/>
</engineerTo>
<sourcePk>F39CD4D9-12FE-4FFC-0F96-8DEBD07D82A5</sourcePk>
<arc>BE0CC44E-E5D4-FF96-58BD-6F96AFA27394</arc>
<identifying>false</identifying>
<nameOnSource>available via</nameOnSource>
<nameOnTarget>belongs to</nameOnTarget>
<optionalSource>true</optionalSource>
<optionalTarget>false</optionalTarget>
<sourceCardinality>1</sourceCardinality>
<sourceEntity>23E2B97F-B15A-56C4-3BDB-A919E249DB6B</sourceEntity>
<targetCardinalityString>*</targetCardinalityString>
<targetEntity>E0C3E20F-386D-65F3-5EE1-A8B78FAE53A1</targetEntity>
<transferable>true</transferable>
<deleteRule>NO ACTION</deleteRule>
</Relation>