<?xml version = '1.0' encoding = 'UTF-8'?>
<Relation class="oracle.dbtools.crest.model.design.logical.Relation" name="to belong" directorySegmentName="seg_0" id="BCE7DBAE-FE61-1297-F313-E676E24E70AB">
<createdBy>Wesley Pegoraro</createdBy>
<createdTime>2023-06-01 20:40:48 UTC</createdTime>
<ownerDesignName>ER Model - Law Firm</ownerDesignName>
<engineerTo>
<item key="0CC0B102-3D96-EF0A-36F7-111ED5E27BC7" value="true"/>
</engineerTo>
<sourcePk>A137DA5E-9DAF-FB77-EC94-BF07D816D60A</sourcePk>
<arc>BE0CC44E-E5D4-FF96-58BD-6F96AFA27394</arc>
<identifying>false</identifying>
<nameOnSource>available via</nameOnSource>
<nameOnTarget>belongs to</nameOnTarget>
<optionalSource>true</optionalSource>
<optionalTarget>false</optionalTarget>
<sourceCardinality>1</sourceCardinality>
<sourceEntity>D451F6CD-D3EA-790F-4112-47D7606B967A</sourceEntity>
<targetCardinalityString>*</targetCardinalityString>
<targetEntity>E0C3E20F-386D-65F3-5EE1-A8B78FAE53A1</targetEntity>
<transferable>true</transferable>
<deleteRule>NO ACTION</deleteRule>
</Relation>