<?xml version = '1.0' encoding = 'UTF-8'?>
<Relation class="oracle.dbtools.crest.model.design.logical.Relation" name="to male available" directorySegmentName="seg_0" id="CAC8F338-CB1B-2DFE-3F58-1A0D84905157">
<createdBy>Wesley Pegoraro</createdBy>
<createdTime>2023-06-01 21:13:02 UTC</createdTime>
<ownerDesignName>ER Model - Law Firm</ownerDesignName>
<engineerTo>
<item key="0CC0B102-3D96-EF0A-36F7-111ED5E27BC7" value="true"/>
</engineerTo>
<sourcePk>7D7FF3E7-E90A-02C1-6740-D5390BBB57C0</sourcePk>
<identifying>false</identifying>
<nameOnSource>made available via</nameOnSource>
<nameOnTarget>of</nameOnTarget>
<optionalSource>true</optionalSource>
<optionalTarget>false</optionalTarget>
<sourceCardinality>1</sourceCardinality>
<sourceEntity>9DF90608-1A2D-8368-4986-8C73B57ABE36</sourceEntity>
<targetCardinalityString>*</targetCardinalityString>
<targetEntity>172D5666-82E3-0BCA-9270-9283BCC88121</targetEntity>
<transferable>true</transferable>
<deleteRule>NO ACTION</deleteRule>
</Relation>