<?xml version = '1.0' encoding = 'UTF-8'?>
<Relation class="oracle.dbtools.crest.model.design.logical.Relation" name="act" directorySegmentName="seg_0" id="EE0F0B17-6FF6-D65F-DB08-E40672ACCC81">
<createdBy>Wesley Pegoraro</createdBy>
<createdTime>2023-06-01 20:55:13 UTC</createdTime>
<ownerDesignName>ER Model - Law Firm</ownerDesignName>
<engineerTo>
<item key="0CC0B102-3D96-EF0A-36F7-111ED5E27BC7" value="true"/>
</engineerTo>
<sourcePk>2E451BEC-BDF7-EC39-5C6C-286A693048BF</sourcePk>
<identifying>false</identifying>
<nameOnSource>designation of</nameOnSource>
<nameOnTarget>acts as</nameOnTarget>
<optionalSource>true</optionalSource>
<optionalTarget>false</optionalTarget>
<sourceCardinality>1</sourceCardinality>
<sourceEntity>E9D8F299-B035-0124-EF75-CDA645047F75</sourceEntity>
<targetCardinalityString>*</targetCardinalityString>
<targetEntity>B315EEEE-7D80-AD4E-3DDE-512E9C87BF15</targetEntity>
<transferable>true</transferable>
<deleteRule>NO ACTION</deleteRule>
</Relation>