<?xml version = '1.0' encoding = 'UTF-8'?>
<Entity class="oracle.dbtools.crest.model.design.logical.Entity" directorySegmentName="seg_0" id="0A65052D-083B-8B7F-2960-946D86392ED2" name="EVENT (ACTION)">
<createdBy>Wesley Pegoraro</createdBy>
<createdTime>2023-05-24 14:46:29 UTC</createdTime>
<ownerDesignName>ER Model - Law Firm</ownerDesignName>
<engineerTo>
<item key="0CC0B102-3D96-EF0A-36F7-111ED5E27BC7" value="true"/>
</engineerTo>
<adequatelyNormalized>NO</adequatelyNormalized>
<expectedVolumes>0</expectedVolumes>
<fwdEngineeringStrategyName>Single Table</fwdEngineeringStrategyName>
<growthPercent>0</growthPercent>
<growthType>Year</growthType>
<maxVolumes>9999999</maxVolumes>
<minVolumes>0</minVolumes>
<normalForm>Third</normalForm>
<attributes itemClass="oracle.dbtools.crest.model.design.logical.Attribute">
<Attribute name="Start time" id="B12437BB-830C-3646-68B6-CF44CD61CE49">
<createdBy>Wesley Pegoraro</createdBy>
<createdTime>2023-05-24 14:47:00 UTC</createdTime>
<ownerDesignName>ER Model - Law Firm</ownerDesignName>
<engineerTo>
<item key="0CC0B102-3D96-EF0A-36F7-111ED5E27BC7" value="true"/>
</engineerTo>
<use>0</use>
<ownDataTypeParameters>,,</ownDataTypeParameters>
</Attribute>
<Attribute name="Description" id="5F5BF60D-BF7A-5E05-459D-1CDEBFC7A0C7">
<createdBy>Wesley Pegoraro</createdBy>
<createdTime>2023-05-24 14:47:19 UTC</createdTime>
<ownerDesignName>ER Model - Law Firm</ownerDesignName>
<engineerTo>
<item key="0CC0B102-3D96-EF0A-36F7-111ED5E27BC7" value="true"/>
</engineerTo>
<use>0</use>
<ownDataTypeParameters>,,</ownDataTypeParameters>
</Attribute>
<Attribute name="Is billable" id="0033BC8B-35E7-6032-F0CF-AA75230344E3">
<createdBy>Wesley Pegoraro</createdBy>
<createdTime>2023-05-24 14:47:27 UTC</createdTime>
<ownerDesignName>ER Model - Law Firm</ownerDesignName>
<engineerTo>
<item key="0CC0B102-3D96-EF0A-36F7-111ED5E27BC7" value="true"/>
</engineerTo>
<use>0</use>
<ownDataTypeParameters>,,</ownDataTypeParameters>
</Attribute>
<Attribute name="End time" id="563C69BB-BBF3-B899-B04F-6F7DC41C0EE5">
<createdBy>Wesley Pegoraro</createdBy>
<createdTime>2023-05-24 14:47:58 UTC</createdTime>
<ownerDesignName>ER Model - Law Firm</ownerDesignName>
<engineerTo>
<item key="0CC0B102-3D96-EF0A-36F7-111ED5E27BC7" value="true"/>
</engineerTo>
<nullsAllowed>true</nullsAllowed>
<use>0</use>
<ownDataTypeParameters>,,</ownDataTypeParameters>
</Attribute>
<Attribute name="Title" id="8A774AFC-9541-833A-08E7-CE823481ECFB">
<createdBy>Wesley Pegoraro</createdBy>
<createdTime>2023-06-23 21:12:28 UTC</createdTime>
<generatorID>35945646-68AB-6ADA-2805-279DCCED31EB</generatorID>
<ownerDesignName>ER Model - Law Firm</ownerDesignName>
<engineerTo>
<item key="0CC0B102-3D96-EF0A-36F7-111ED5E27BC7" value="true"/>
</engineerTo>
<referedAttribute>1642F568-B1B9-9964-A049-C76A530DFB05</referedAttribute>
<use>0</use>
<ownDataTypeParameters>,,</ownDataTypeParameters>
</Attribute>
</attributes>
<identifiers itemClass="oracle.dbtools.crest.model.design.logical.CandidateKey">
<identifier id="03CFEEFA-FA83-D42B-28FF-0EE2F1D6786E" name="EVENT (ACTION) PK">
<createdBy>Wesley Pegoraro</createdBy>
<createdTime>2023-06-23 21:11:52 UTC</createdTime>
<ownerDesignName>ER Model - Law Firm</ownerDesignName>
<engineerTo>
<item key="0CC0B102-3D96-EF0A-36F7-111ED5E27BC7" value="true"/>
</engineerTo>
<pk>true</pk>
<usedAttributes>
<attributeRef>B12437BB-830C-3646-68B6-CF44CD61CE49</attributeRef>
</usedAttributes>
</identifier>
</identifiers>
</Entity>