<?xml version = '1.0' encoding = 'UTF-8'?>
<Entity class="oracle.dbtools.crest.model.design.logical.Entity" directorySegmentName="seg_0" id="172D5666-82E3-0BCA-9270-9283BCC88121" name="DOCUMENT USE">
<createdBy>Wesley Pegoraro</createdBy>
<createdTime>2023-06-01 21:02:44 UTC</createdTime>
<ownerDesignName>ER Model - Law Firm</ownerDesignName>
<engineerTo>
<item key="0CC0B102-3D96-EF0A-36F7-111ED5E27BC7" value="true"/>
</engineerTo>
<adequatelyNormalized>NO</adequatelyNormalized>
<expectedVolumes>0</expectedVolumes>
<fwdEngineeringStrategyName>Single Table</fwdEngineeringStrategyName>
<growthPercent>0</growthPercent>
<growthType>Year</growthType>
<maxVolumes>9999999</maxVolumes>
<minVolumes>0</minVolumes>
<normalForm>Third</normalForm>
<attributes itemClass="oracle.dbtools.crest.model.design.logical.Attribute">
<Attribute name="Start time" id="37143653-BBDC-0935-4034-610E392C4B64">
<createdBy>Wesley Pegoraro</createdBy>
<createdTime>2023-06-23 21:11:53 UTC</createdTime>
<generatorID>457F21CC-F65F-82C8-6C9D-76A98A1069A0</generatorID>
<ownerDesignName>ER Model - Law Firm</ownerDesignName>
<engineerTo>
<item key="0CC0B102-3D96-EF0A-36F7-111ED5E27BC7" value="true"/>
</engineerTo>
<referedAttribute>B12437BB-830C-3646-68B6-CF44CD61CE49</referedAttribute>
<use>0</use>
<ownDataTypeParameters>,,</ownDataTypeParameters>
</Attribute>
<Attribute name="Title" id="7534117C-DA75-A1A0-4AC8-15484AC203A2">
<createdBy>Wesley Pegoraro</createdBy>
<createdTime>2023-06-23 21:12:04 UTC</createdTime>
<generatorID>CAC8F338-CB1B-2DFE-3F58-1A0D84905157</generatorID>
<ownerDesignName>ER Model - Law Firm</ownerDesignName>
<engineerTo>
<item key="0CC0B102-3D96-EF0A-36F7-111ED5E27BC7" value="true"/>
</engineerTo>
<referedAttribute>5B6BADA3-878F-3735-2530-67B1A8850F74</referedAttribute>
<use>0</use>
<ownDataTypeParameters>,,</ownDataTypeParameters>
</Attribute>
<Attribute name="Full Path" id="4014FCA0-E399-5FC5-F1A2-6E58DF2F4CF7">
<createdBy>Wesley Pegoraro</createdBy>
<createdTime>2023-06-23 21:12:15 UTC</createdTime>
<generatorID>CAC8F338-CB1B-2DFE-3F58-1A0D84905157</generatorID>
<ownerDesignName>ER Model - Law Firm</ownerDesignName>
<engineerTo>
<item key="0CC0B102-3D96-EF0A-36F7-111ED5E27BC7" value="true"/>
</engineerTo>
<referedAttribute>00776805-06EF-B732-A2D7-1BC1A99E24E3</referedAttribute>
<use>0</use>
<ownDataTypeParameters>,,</ownDataTypeParameters>
</Attribute>
<Attribute name="Title1" id="530D959B-0F7F-CFA4-F6A1-58C1B8B8DFDC">
<createdBy>Wesley Pegoraro</createdBy>
<createdTime>2023-06-23 21:12:28 UTC</createdTime>
<generatorID>B3DAF9EA-19B4-5B7F-8203-F09673E45E77</generatorID>
<ownerDesignName>ER Model - Law Firm</ownerDesignName>
<engineerTo>
<item key="0CC0B102-3D96-EF0A-36F7-111ED5E27BC7" value="true"/>
</engineerTo>
<referedAttribute>1642F568-B1B9-9964-A049-C76A530DFB05</referedAttribute>
<use>0</use>
<ownDataTypeParameters>,,</ownDataTypeParameters>
</Attribute>
</attributes>
</Entity>