<?xml version = '1.0' encoding = 'UTF-8'?>
<Entity class="oracle.dbtools.crest.model.design.logical.Entity" directorySegmentName="seg_0" id="23E2B97F-B15A-56C4-3BDB-A919E249DB6B" name="ORGANIZATION">
<createdBy>Wesley Pegoraro</createdBy>
<createdTime>2023-05-24 14:53:25 UTC</createdTime>
<ownerDesignName>ER Model - Law Firm</ownerDesignName>
<engineerTo>
<item key="0CC0B102-3D96-EF0A-36F7-111ED5E27BC7" value="true"/>
</engineerTo>
<adequatelyNormalized>NO</adequatelyNormalized>
<expectedVolumes>0</expectedVolumes>
<fwdEngineeringStrategyName>Single Table</fwdEngineeringStrategyName>
<growthPercent>0</growthPercent>
<growthType>Year</growthType>
<maxVolumes>9999999</maxVolumes>
<minVolumes>0</minVolumes>
<normalForm>Third</normalForm>
<attributes itemClass="oracle.dbtools.crest.model.design.logical.Attribute">
<Attribute name="Name" id="80AAF4C4-4DAE-D288-755D-01576BB77290">
<createdBy>Wesley Pegoraro</createdBy>
<createdTime>2023-05-24 14:53:37 UTC</createdTime>
<ownerDesignName>ER Model - Law Firm</ownerDesignName>
<engineerTo>
<item key="0CC0B102-3D96-EF0A-36F7-111ED5E27BC7" value="true"/>
</engineerTo>
<use>0</use>
<ownDataTypeParameters>,,</ownDataTypeParameters>
</Attribute>
</attributes>
<identifiers itemClass="oracle.dbtools.crest.model.design.logical.CandidateKey">
<identifier id="F39CD4D9-12FE-4FFC-0F96-8DEBD07D82A5" name="ORGANIZATION PK">
<createdBy>Wesley Pegoraro</createdBy>
<createdTime>2023-06-23 21:11:31 UTC</createdTime>
<ownerDesignName>ER Model - Law Firm</ownerDesignName>
<engineerTo>
<item key="0CC0B102-3D96-EF0A-36F7-111ED5E27BC7" value="true"/>
</engineerTo>
<pk>true</pk>
<usedAttributes>
<attributeRef>80AAF4C4-4DAE-D288-755D-01576BB77290</attributeRef>
</usedAttributes>
</identifier>
</identifiers>
</Entity>