<?xml version = '1.0' encoding = 'UTF-8'?>
<Entity class="oracle.dbtools.crest.model.design.logical.Entity" directorySegmentName="seg_0" id="2B101DE7-BB06-F790-5819-D78FECE627EF" name="COUNTRY">
<createdBy>Wesley Pegoraro</createdBy>
<createdTime>2023-06-23 20:54:50 UTC</createdTime>
<ownerDesignName>ER Model - Law Firm</ownerDesignName>
<engineerTo>
<item key="0CC0B102-3D96-EF0A-36F7-111ED5E27BC7" value="true"/>
</engineerTo>
<adequatelyNormalized>NO</adequatelyNormalized>
<expectedVolumes>0</expectedVolumes>
<fwdEngineeringStrategyName>Single Table</fwdEngineeringStrategyName>
<growthPercent>0</growthPercent>
<growthType>Year</growthType>
<maxVolumes>9999999</maxVolumes>
<minVolumes>0</minVolumes>
<normalForm>Third</normalForm>
<attributes itemClass="oracle.dbtools.crest.model.design.logical.Attribute">
<Attribute name="Code" id="2FDF2CE1-2569-9304-4C2A-F2B3D40D8383">
<createdBy>Wesley Pegoraro</createdBy>
<createdTime>2023-06-23 20:55:09 UTC</createdTime>
<ownerDesignName>ER Model - Law Firm</ownerDesignName>
<engineerTo>
<item key="0CC0B102-3D96-EF0A-36F7-111ED5E27BC7" value="true"/>
</engineerTo>
<use>0</use>
<ownDataTypeParameters>,,</ownDataTypeParameters>
</Attribute>
<Attribute name="Name" id="2A022A23-7201-4038-C1D8-0D3F7F0841C4">
<createdBy>Wesley Pegoraro</createdBy>
<createdTime>2023-06-23 20:55:15 UTC</createdTime>
<ownerDesignName>ER Model - Law Firm</ownerDesignName>
<engineerTo>
<item key="0CC0B102-3D96-EF0A-36F7-111ED5E27BC7" value="true"/>
</engineerTo>
<use>0</use>
<ownDataTypeParameters>,,</ownDataTypeParameters>
</Attribute>
<Attribute name="Dial Code" id="47500A06-FC70-8D57-768F-AD3B996784C0">
<createdBy>Wesley Pegoraro</createdBy>
<createdTime>2023-06-23 20:55:26 UTC</createdTime>
<ownerDesignName>ER Model - Law Firm</ownerDesignName>
<engineerTo>
<item key="0CC0B102-3D96-EF0A-36F7-111ED5E27BC7" value="true"/>
</engineerTo>
<use>0</use>
<ownDataTypeParameters>,,</ownDataTypeParameters>
</Attribute>
</attributes>
<identifiers itemClass="oracle.dbtools.crest.model.design.logical.CandidateKey">
<identifier id="7CBA2FB4-22D3-49E6-3BF4-9CD5A0B22B9B" name="COUNTRY PK">
<createdBy>Wesley Pegoraro</createdBy>
<createdTime>2023-06-23 21:10:27 UTC</createdTime>
<ownerDesignName>ER Model - Law Firm</ownerDesignName>
<engineerTo>
<item key="0CC0B102-3D96-EF0A-36F7-111ED5E27BC7" value="true"/>
</engineerTo>
<pk>true</pk>
<usedAttributes>
<attributeRef>2FDF2CE1-2569-9304-4C2A-F2B3D40D8383</attributeRef>
</usedAttributes>
</identifier>
</identifiers>
</Entity>