<?xml version = '1.0' encoding = 'UTF-8'?>
<Entity class="oracle.dbtools.crest.model.design.logical.Entity" directorySegmentName="seg_0" id="31AD8F3B-BCE8-F364-BD0C-D0FBABF84891" name="CONTACT (ADRESS)">
<createdBy>Wesley Pegoraro</createdBy>
<createdTime>2023-05-24 14:56:32 UTC</createdTime>
<ownerDesignName>ER Model - Law Firm</ownerDesignName>
<engineerTo>
<item key="0CC0B102-3D96-EF0A-36F7-111ED5E27BC7" value="true"/>
</engineerTo>
<adequatelyNormalized>NO</adequatelyNormalized>
<expectedVolumes>0</expectedVolumes>
<fwdEngineeringStrategyName>Single Table</fwdEngineeringStrategyName>
<growthPercent>0</growthPercent>
<growthType>Year</growthType>
<maxVolumes>9999999</maxVolumes>
<minVolumes>0</minVolumes>
<normalForm>Third</normalForm>
<attributes itemClass="oracle.dbtools.crest.model.design.logical.Attribute">
<Attribute name="Code" id="FE5E95DC-9CAA-775C-3A5B-D0A81274A3FF">
<createdBy>Wesley Pegoraro</createdBy>
<createdTime>2023-06-23 21:10:28 UTC</createdTime>
<generatorID>33709BC3-5ECF-6823-C408-5EB0B38D6D22</generatorID>
<ownerDesignName>ER Model - Law Firm</ownerDesignName>
<engineerTo>
<item key="0CC0B102-3D96-EF0A-36F7-111ED5E27BC7" value="true"/>
</engineerTo>
<referedAttribute>2FDF2CE1-2569-9304-4C2A-F2B3D40D8383</referedAttribute>
<use>0</use>
<ownDataTypeParameters>,,</ownDataTypeParameters>
</Attribute>
</attributes>
</Entity>