<?xml version = '1.0' encoding = 'UTF-8'?>
<Entity class="oracle.dbtools.crest.model.design.logical.Entity" directorySegmentName="seg_0" id="5316FC90-5A2B-D1E2-FF8E-461639A97DEC" name="PHONE">
<createdBy>Wesley Pegoraro</createdBy>
<createdTime>2023-06-23 20:51:34 UTC</createdTime>
<ownerDesignName>ER Model - Law Firm</ownerDesignName>
<engineerTo>
<item key="0CC0B102-3D96-EF0A-36F7-111ED5E27BC7" value="true"/>
</engineerTo>
<adequatelyNormalized>NO</adequatelyNormalized>
<expectedVolumes>0</expectedVolumes>
<fwdEngineeringStrategyName>Single Table</fwdEngineeringStrategyName>
<growthPercent>0</growthPercent>
<growthType>Year</growthType>
<hierarchicalParent>5EF0E333-A1AE-9E71-5EDA-77BAA36325DE</hierarchicalParent>
<maxVolumes>9999999</maxVolumes>
<minVolumes>0</minVolumes>
<normalForm>Third</normalForm>
<attributes itemClass="oracle.dbtools.crest.model.design.logical.Attribute">
<Attribute name="Number Value" id="E06FA1D5-A36F-9B50-B379-BCE4BA433B02">
<createdBy>Wesley Pegoraro</createdBy>
<createdTime>2023-06-23 20:51:46 UTC</createdTime>
<ownerDesignName>ER Model - Law Firm</ownerDesignName>
<engineerTo>
<item key="0CC0B102-3D96-EF0A-36F7-111ED5E27BC7" value="true"/>
</engineerTo>
<use>0</use>
<ownDataTypeParameters>,,</ownDataTypeParameters>
</Attribute>
<Attribute name="Number Type" id="296EFC03-9B10-2030-4203-BFBA10831714">
<createdBy>Wesley Pegoraro</createdBy>
<createdTime>2023-06-23 20:52:02 UTC</createdTime>
<ownerDesignName>ER Model - Law Firm</ownerDesignName>
<engineerTo>
<item key="0CC0B102-3D96-EF0A-36F7-111ED5E27BC7" value="true"/>
</engineerTo>
<use>0</use>
<ownDataTypeParameters>,,</ownDataTypeParameters>
</Attribute>
</attributes>
<identifiers itemClass="oracle.dbtools.crest.model.design.logical.CandidateKey">
<identifier id="1B0AF11E-67D1-61EC-4C8F-290F33E7D868" name="PHONE PK">
<createdBy>Wesley Pegoraro</createdBy>
<createdTime>2023-06-23 21:11:13 UTC</createdTime>
<ownerDesignName>ER Model - Law Firm</ownerDesignName>
<engineerTo>
<item key="0CC0B102-3D96-EF0A-36F7-111ED5E27BC7" value="true"/>
</engineerTo>
<pk>true</pk>
<usedAttributes>
<attributeRef>E06FA1D5-A36F-9B50-B379-BCE4BA433B02</attributeRef>
</usedAttributes>
</identifier>
</identifiers>
</Entity>