<?xml version = '1.0' encoding = 'UTF-8'?>
<Entity class="oracle.dbtools.crest.model.design.logical.Entity" directorySegmentName="seg_0" id="5EF0E333-A1AE-9E71-5EDA-77BAA36325DE" name="ADDRESS">
<createdBy>Wesley Pegoraro</createdBy>
<createdTime>2023-06-23 20:46:02 UTC</createdTime>
<ownerDesignName>ER Model - Law Firm</ownerDesignName>
<engineerTo>
<item key="0CC0B102-3D96-EF0A-36F7-111ED5E27BC7" value="true"/>
</engineerTo>
<adequatelyNormalized>NO</adequatelyNormalized>
<expectedVolumes>0</expectedVolumes>
<fwdEngineeringStrategyName>Single Table</fwdEngineeringStrategyName>
<growthPercent>0</growthPercent>
<growthType>Year</growthType>
<hierarchicalParent>31AD8F3B-BCE8-F364-BD0C-D0FBABF84891</hierarchicalParent>
<maxVolumes>9999999</maxVolumes>
<minVolumes>0</minVolumes>
<normalForm>Third</normalForm>
<attributes itemClass="oracle.dbtools.crest.model.design.logical.Attribute">
<Attribute name="City or Town" id="C6A17EA5-AAD3-8941-DE01-C9F872F6A1E9">
<createdBy>Wesley Pegoraro</createdBy>
<createdTime>2023-06-23 20:46:22 UTC</createdTime>
<ownerDesignName>ER Model - Law Firm</ownerDesignName>
<engineerTo>
<item key="0CC0B102-3D96-EF0A-36F7-111ED5E27BC7" value="true"/>
</engineerTo>
<use>0</use>
<ownDataTypeParameters>,,</ownDataTypeParameters>
</Attribute>
<Attribute name="Post (ZIP) Code" id="D05A30A5-F45F-6B50-7C68-39AE9D13036C">
<createdBy>Wesley Pegoraro</createdBy>
<createdTime>2023-06-23 20:46:53 UTC</createdTime>
<ownerDesignName>ER Model - Law Firm</ownerDesignName>
<engineerTo>
<item key="0CC0B102-3D96-EF0A-36F7-111ED5E27BC7" value="true"/>
</engineerTo>
<use>0</use>
<ownDataTypeParameters>,,</ownDataTypeParameters>
</Attribute>
</attributes>
<identifiers itemClass="oracle.dbtools.crest.model.design.logical.CandidateKey">
<identifier id="DC6A835E-6733-2EEA-51AD-A4D4E999ABFC" name="ADDRESS PK">
<createdBy>Wesley Pegoraro</createdBy>
<createdTime>2023-06-23 21:10:50 UTC</createdTime>
<ownerDesignName>ER Model - Law Firm</ownerDesignName>
<engineerTo>
<item key="0CC0B102-3D96-EF0A-36F7-111ED5E27BC7" value="true"/>
</engineerTo>
<pk>true</pk>
<usedAttributes>
<attributeRef>D05A30A5-F45F-6B50-7C68-39AE9D13036C</attributeRef>
</usedAttributes>
</identifier>
</identifiers>
</Entity>