<?xml version = '1.0' encoding = 'UTF-8'?>
<Entity class="oracle.dbtools.crest.model.design.logical.Entity" directorySegmentName="seg_0" id="82E222F8-6F35-6592-293F-3C4FB98C74C8" name="CASE">
<createdBy>Wesley Pegoraro</createdBy>
<createdTime>2023-05-24 14:48:26 UTC</createdTime>
<ownerDesignName>ER Model - Law Firm</ownerDesignName>
<engineerTo>
<item key="0CC0B102-3D96-EF0A-36F7-111ED5E27BC7" value="true"/>
</engineerTo>
<adequatelyNormalized>NO</adequatelyNormalized>
<expectedVolumes>0</expectedVolumes>
<fwdEngineeringStrategyName>Single Table</fwdEngineeringStrategyName>
<growthPercent>0</growthPercent>
<growthType>Year</growthType>
<maxVolumes>9999999</maxVolumes>
<minVolumes>0</minVolumes>
<normalForm>Third</normalForm>
<attributes itemClass="oracle.dbtools.crest.model.design.logical.Attribute">
<Attribute name="Title" id="1642F568-B1B9-9964-A049-C76A530DFB05">
<createdBy>Wesley Pegoraro</createdBy>
<createdTime>2023-06-01 20:20:49 UTC</createdTime>
<ownerDesignName>ER Model - Law Firm</ownerDesignName>
<engineerTo>
<item key="0CC0B102-3D96-EF0A-36F7-111ED5E27BC7" value="true"/>
</engineerTo>
<use>0</use>
<ownDataTypeParameters>,,</ownDataTypeParameters>
</Attribute>
<Attribute name="Description" id="D5BCACF8-C4AB-E8D4-4B4D-8E8B75C472A4">
<createdBy>Wesley Pegoraro</createdBy>
<createdTime>2023-05-24 14:48:34 UTC</createdTime>
<ownerDesignName>ER Model - Law Firm</ownerDesignName>
<engineerTo>
<item key="0CC0B102-3D96-EF0A-36F7-111ED5E27BC7" value="true"/>
</engineerTo>
<use>0</use>
<ownDataTypeParameters>,,</ownDataTypeParameters>
</Attribute>
</attributes>
<identifiers itemClass="oracle.dbtools.crest.model.design.logical.CandidateKey">
<identifier id="74AE74DC-034B-EC84-E3CE-EBC816E6CB9E" name="CASE PK">
<createdBy>Wesley Pegoraro</createdBy>
<createdTime>2023-06-23 21:12:27 UTC</createdTime>
<ownerDesignName>ER Model - Law Firm</ownerDesignName>
<engineerTo>
<item key="0CC0B102-3D96-EF0A-36F7-111ED5E27BC7" value="true"/>
</engineerTo>
<pk>true</pk>
<usedAttributes>
<attributeRef>1642F568-B1B9-9964-A049-C76A530DFB05</attributeRef>
</usedAttributes>
</identifier>
</identifiers>
</Entity>