<?xml version = '1.0' encoding = 'UTF-8'?>
<Entity class="oracle.dbtools.crest.model.design.logical.Entity" directorySegmentName="seg_0" id="9DF90608-1A2D-8368-4986-8C73B57ABE36" name="DOCUMENT">
<createdBy>Wesley Pegoraro</createdBy>
<createdTime>2023-05-24 14:45:34 UTC</createdTime>
<ownerDesignName>ER Model - Law Firm</ownerDesignName>
<engineerTo>
<item key="0CC0B102-3D96-EF0A-36F7-111ED5E27BC7" value="true"/>
</engineerTo>
<adequatelyNormalized>NO</adequatelyNormalized>
<expectedVolumes>0</expectedVolumes>
<fwdEngineeringStrategyName>Single Table</fwdEngineeringStrategyName>
<growthPercent>0</growthPercent>
<growthType>Year</growthType>
<maxVolumes>9999999</maxVolumes>
<minVolumes>0</minVolumes>
<normalForm>Third</normalForm>
<attributes itemClass="oracle.dbtools.crest.model.design.logical.Attribute">
<Attribute name="Title" id="5B6BADA3-878F-3735-2530-67B1A8850F74">
<createdBy>Wesley Pegoraro</createdBy>
<createdTime>2023-06-01 20:22:21 UTC</createdTime>
<ownerDesignName>ER Model - Law Firm</ownerDesignName>
<engineerTo>
<item key="0CC0B102-3D96-EF0A-36F7-111ED5E27BC7" value="true"/>
</engineerTo>
<use>0</use>
<ownDataTypeParameters>,,</ownDataTypeParameters>
</Attribute>
<Attribute name="Full Path" id="00776805-06EF-B732-A2D7-1BC1A99E24E3">
<createdBy>Wesley Pegoraro</createdBy>
<createdTime>2023-06-01 20:22:32 UTC</createdTime>
<ownerDesignName>ER Model - Law Firm</ownerDesignName>
<engineerTo>
<item key="0CC0B102-3D96-EF0A-36F7-111ED5E27BC7" value="true"/>
</engineerTo>
<use>0</use>
<ownDataTypeParameters>,,</ownDataTypeParameters>
</Attribute>
<Attribute name="format" id="3C6C9E1D-37EE-5943-7D02-60C12A8D3639">
<createdBy>Wesley Pegoraro</createdBy>
<createdTime>2023-05-24 14:45:48 UTC</createdTime>
<ownerDesignName>ER Model - Law Firm</ownerDesignName>
<engineerTo>
<item key="0CC0B102-3D96-EF0A-36F7-111ED5E27BC7" value="true"/>
</engineerTo>
<use>0</use>
<ownDataTypeParameters>,,</ownDataTypeParameters>
</Attribute>
<Attribute name="Content" id="191740DA-6F5C-54CA-BC1C-1A4A90CFDDA5">
<createdBy>Wesley Pegoraro</createdBy>
<createdTime>2023-05-24 14:45:56 UTC</createdTime>
<ownerDesignName>ER Model - Law Firm</ownerDesignName>
<engineerTo>
<item key="0CC0B102-3D96-EF0A-36F7-111ED5E27BC7" value="true"/>
</engineerTo>
<use>0</use>
<ownDataTypeParameters>,,</ownDataTypeParameters>
</Attribute>
</attributes>
<identifiers itemClass="oracle.dbtools.crest.model.design.logical.CandidateKey">
<identifier id="7D7FF3E7-E90A-02C1-6740-D5390BBB57C0" name="DOCUMENT PK">
<createdBy>Wesley Pegoraro</createdBy>
<createdTime>2023-06-23 21:12:02 UTC</createdTime>
<ownerDesignName>ER Model - Law Firm</ownerDesignName>
<engineerTo>
<item key="0CC0B102-3D96-EF0A-36F7-111ED5E27BC7" value="true"/>
</engineerTo>
<pk>true</pk>
<usedAttributes>
<attributeRef>5B6BADA3-878F-3735-2530-67B1A8850F74</attributeRef>
<attributeRef>00776805-06EF-B732-A2D7-1BC1A99E24E3</attributeRef>
</usedAttributes>
</identifier>
</identifiers>
</Entity>