<?xml version = '1.0' encoding = 'UTF-8'?>
<Entity class="oracle.dbtools.crest.model.design.logical.Entity" directorySegmentName="seg_0" id="AE4DD5A2-4106-2014-230F-EB57002B6BE2" name="GEOGRAPHICAL">
<createdBy>Wesley Pegoraro</createdBy>
<createdTime>2023-06-23 20:42:42 UTC</createdTime>
<ownerDesignName>ER Model - Law Firm</ownerDesignName>
<engineerTo>
<item key="0CC0B102-3D96-EF0A-36F7-111ED5E27BC7" value="true"/>
</engineerTo>
<adequatelyNormalized>NO</adequatelyNormalized>
<expectedVolumes>0</expectedVolumes>
<fwdEngineeringStrategyName>Single Table</fwdEngineeringStrategyName>
<growthPercent>0</growthPercent>
<growthType>Year</growthType>
<hierarchicalParent>5EF0E333-A1AE-9E71-5EDA-77BAA36325DE</hierarchicalParent>
<maxVolumes>9999999</maxVolumes>
<minVolumes>0</minVolumes>
<normalForm>Third</normalForm>
<attributes itemClass="oracle.dbtools.crest.model.design.logical.Attribute">
<Attribute name="House" id="0D4E1E09-CD73-A1A7-2CB7-BD11CC7766DF">
<createdBy>Wesley Pegoraro</createdBy>
<createdTime>2023-06-23 20:42:56 UTC</createdTime>
<ownerDesignName>ER Model - Law Firm</ownerDesignName>
<engineerTo>
<item key="0CC0B102-3D96-EF0A-36F7-111ED5E27BC7" value="true"/>
</engineerTo>
<use>0</use>
<ownDataTypeParameters>,,</ownDataTypeParameters>
</Attribute>
<Attribute name="Street" id="74D220B7-606A-9110-AE9F-50EF66B3731B">
<createdBy>Wesley Pegoraro</createdBy>
<createdTime>2023-06-23 20:43:14 UTC</createdTime>
<ownerDesignName>ER Model - Law Firm</ownerDesignName>
<engineerTo>
<item key="0CC0B102-3D96-EF0A-36F7-111ED5E27BC7" value="true"/>
</engineerTo>
<use>0</use>
<ownDataTypeParameters>,,</ownDataTypeParameters>
</Attribute>
</attributes>
<identifiers itemClass="oracle.dbtools.crest.model.design.logical.CandidateKey">
<identifier id="586DAD3B-9F63-6C65-D892-F9423B4CED20" name="GEOGRAPHICAL PK">
<createdBy>Wesley Pegoraro</createdBy>
<createdTime>2023-06-23 21:10:59 UTC</createdTime>
<ownerDesignName>ER Model - Law Firm</ownerDesignName>
<engineerTo>
<item key="0CC0B102-3D96-EF0A-36F7-111ED5E27BC7" value="true"/>
</engineerTo>
<pk>true</pk>
<usedAttributes>
<attributeRef>0D4E1E09-CD73-A1A7-2CB7-BD11CC7766DF</attributeRef>
</usedAttributes>
</identifier>
</identifiers>
</Entity>