<?xml version = '1.0' encoding = 'UTF-8'?>
<Entity class="oracle.dbtools.crest.model.design.logical.Entity" directorySegmentName="seg_0" id="B315EEEE-7D80-AD4E-3DDE-512E9C87BF15" name="PARTY">
<createdBy>Wesley Pegoraro</createdBy>
<createdTime>2023-06-01 20:49:08 UTC</createdTime>
<ownerDesignName>ER Model - Law Firm</ownerDesignName>
<engineerTo>
<item key="0CC0B102-3D96-EF0A-36F7-111ED5E27BC7" value="true"/>
</engineerTo>
<adequatelyNormalized>NO</adequatelyNormalized>
<expectedVolumes>0</expectedVolumes>
<fwdEngineeringStrategyName>Single Table</fwdEngineeringStrategyName>
<growthPercent>0</growthPercent>
<growthType>Year</growthType>
<maxVolumes>9999999</maxVolumes>
<minVolumes>0</minVolumes>
<normalForm>Third</normalForm>
<attributes itemClass="oracle.dbtools.crest.model.design.logical.Attribute">
<Attribute name="Email" id="F1907BD8-4013-B3DB-99AF-E665E34042F7">
<createdBy>Wesley Pegoraro</createdBy>
<createdTime>2023-06-23 21:11:24 UTC</createdTime>
<generatorID>5C970F64-0E00-E4F4-75C1-91753DB79D0B</generatorID>
<ownerDesignName>ER Model - Law Firm</ownerDesignName>
<engineerTo>
<item key="0CC0B102-3D96-EF0A-36F7-111ED5E27BC7" value="true"/>
</engineerTo>
<referedAttribute>AD13B913-8737-7DD0-857A-29AEAA8F0EE8</referedAttribute>
<use>0</use>
<ownDataTypeParameters>,,</ownDataTypeParameters>
</Attribute>
<Attribute name="Name" id="82D53782-48D9-5E89-2EAE-4B83FD18DC45">
<createdBy>Wesley Pegoraro</createdBy>
<createdTime>2023-06-23 21:11:32 UTC</createdTime>
<generatorID>0319E97A-02A6-300B-AD2B-8412589F5338</generatorID>
<ownerDesignName>ER Model - Law Firm</ownerDesignName>
<engineerTo>
<item key="0CC0B102-3D96-EF0A-36F7-111ED5E27BC7" value="true"/>
</engineerTo>
<referedAttribute>80AAF4C4-4DAE-D288-755D-01576BB77290</referedAttribute>
<use>0</use>
<ownDataTypeParameters>,,</ownDataTypeParameters>
</Attribute>
<Attribute name="Name1" id="C9981ADF-94D1-8A7F-36CA-4E8C19823688">
<createdBy>Wesley Pegoraro</createdBy>
<createdTime>2023-06-23 21:11:40 UTC</createdTime>
<generatorID>EE0F0B17-6FF6-D65F-DB08-E40672ACCC81</generatorID>
<ownerDesignName>ER Model - Law Firm</ownerDesignName>
<engineerTo>
<item key="0CC0B102-3D96-EF0A-36F7-111ED5E27BC7" value="true"/>
</engineerTo>
<referedAttribute>CE2AAB2E-A794-CCB9-78A5-1EE58B5BF809</referedAttribute>
<use>0</use>
<ownDataTypeParameters>,,</ownDataTypeParameters>
</Attribute>
</attributes>
</Entity>