<?xml version = '1.0' encoding = 'UTF-8'?>
<Entity class="oracle.dbtools.crest.model.design.logical.Entity" directorySegmentName="seg_0" id="C943AA31-5E24-4F20-04DB-B1DDE7ABAA62" name="INVOLVMENT">
<createdBy>Wesley Pegoraro</createdBy>
<createdTime>2023-06-01 21:02:26 UTC</createdTime>
<ownerDesignName>ER Model - Law Firm</ownerDesignName>
<engineerTo>
<item key="0CC0B102-3D96-EF0A-36F7-111ED5E27BC7" value="true"/>
</engineerTo>
<adequatelyNormalized>NO</adequatelyNormalized>
<expectedVolumes>0</expectedVolumes>
<fwdEngineeringStrategyName>Single Table</fwdEngineeringStrategyName>
<growthPercent>0</growthPercent>
<growthType>Year</growthType>
<maxVolumes>9999999</maxVolumes>
<minVolumes>0</minVolumes>
<normalForm>Third</normalForm>
<attributes itemClass="oracle.dbtools.crest.model.design.logical.Attribute">
<Attribute name="Start time" id="9D040417-EB26-86D8-A0E9-FAB4F36F2D9B">
<createdBy>Wesley Pegoraro</createdBy>
<createdTime>2023-06-23 21:11:53 UTC</createdTime>
<generatorID>6FDAE175-CAE9-742D-2D28-24BDF3974951</generatorID>
<ownerDesignName>ER Model - Law Firm</ownerDesignName>
<engineerTo>
<item key="0CC0B102-3D96-EF0A-36F7-111ED5E27BC7" value="true"/>
</engineerTo>
<referedAttribute>B12437BB-830C-3646-68B6-CF44CD61CE49</referedAttribute>
<use>0</use>
<ownDataTypeParameters>,,</ownDataTypeParameters>
</Attribute>
</attributes>
</Entity>