<?xml version = '1.0' encoding = 'UTF-8'?>
<Entity class="oracle.dbtools.crest.model.design.logical.Entity" directorySegmentName="seg_0" id="D451F6CD-D3EA-790F-4112-47D7606B967A" name="PERSON">
<createdBy>Wesley Pegoraro</createdBy>
<createdTime>2023-05-24 14:53:56 UTC</createdTime>
<ownerDesignName>ER Model - Law Firm</ownerDesignName>
<engineerTo>
<item key="0CC0B102-3D96-EF0A-36F7-111ED5E27BC7" value="true"/>
</engineerTo>
<adequatelyNormalized>NO</adequatelyNormalized>
<expectedVolumes>0</expectedVolumes>
<fwdEngineeringStrategyName>Single Table</fwdEngineeringStrategyName>
<growthPercent>0</growthPercent>
<growthType>Year</growthType>
<maxVolumes>9999999</maxVolumes>
<minVolumes>0</minVolumes>
<normalForm>Third</normalForm>
<attributes itemClass="oracle.dbtools.crest.model.design.logical.Attribute">
<Attribute name="Email" id="AD13B913-8737-7DD0-857A-29AEAA8F0EE8">
<createdBy>Wesley Pegoraro</createdBy>
<createdTime>2023-05-24 14:54:04 UTC</createdTime>
<ownerDesignName>ER Model - Law Firm</ownerDesignName>
<engineerTo>
<item key="0CC0B102-3D96-EF0A-36F7-111ED5E27BC7" value="true"/>
</engineerTo>
<use>0</use>
<ownDataTypeParameters>,,</ownDataTypeParameters>
</Attribute>
<Attribute name="Title" id="759B89B8-1EF5-7A80-AD86-FA5A15808DF6">
<createdBy>Wesley Pegoraro</createdBy>
<createdTime>2023-05-24 14:54:11 UTC</createdTime>
<ownerDesignName>ER Model - Law Firm</ownerDesignName>
<engineerTo>
<item key="0CC0B102-3D96-EF0A-36F7-111ED5E27BC7" value="true"/>
</engineerTo>
<use>0</use>
<ownDataTypeParameters>,,</ownDataTypeParameters>
</Attribute>
<Attribute name="First Name" id="8D9A0A3C-6F78-08D7-71D9-58ADF620089B">
<createdBy>Wesley Pegoraro</createdBy>
<createdTime>2023-05-24 14:54:24 UTC</createdTime>
<ownerDesignName>ER Model - Law Firm</ownerDesignName>
<engineerTo>
<item key="0CC0B102-3D96-EF0A-36F7-111ED5E27BC7" value="true"/>
</engineerTo>
<use>0</use>
<ownDataTypeParameters>,,</ownDataTypeParameters>
</Attribute>
<Attribute name="Middle Name" id="A52D7BBB-8127-424D-4B53-B73CF3CC61B4">
<createdBy>Wesley Pegoraro</createdBy>
<createdTime>2023-05-24 14:54:41 UTC</createdTime>
<ownerDesignName>ER Model - Law Firm</ownerDesignName>
<engineerTo>
<item key="0CC0B102-3D96-EF0A-36F7-111ED5E27BC7" value="true"/>
</engineerTo>
<nullsAllowed>true</nullsAllowed>
<use>0</use>
<ownDataTypeParameters>,,</ownDataTypeParameters>
</Attribute>
<Attribute name="Last Name" id="D7070EB0-F709-40FF-47A7-8B4C088E87FB">
<createdBy>Wesley Pegoraro</createdBy>
<createdTime>2023-05-24 14:54:53 UTC</createdTime>
<ownerDesignName>ER Model - Law Firm</ownerDesignName>
<engineerTo>
<item key="0CC0B102-3D96-EF0A-36F7-111ED5E27BC7" value="true"/>
</engineerTo>
<use>0</use>
<ownDataTypeParameters>,,</ownDataTypeParameters>
</Attribute>
<Attribute name="Preferences" id="03FE2C07-07A2-BD94-10E7-27A39B6751A0">
<createdBy>Wesley Pegoraro</createdBy>
<createdTime>2023-05-24 14:55:08 UTC</createdTime>
<ownerDesignName>ER Model - Law Firm</ownerDesignName>
<engineerTo>
<item key="0CC0B102-3D96-EF0A-36F7-111ED5E27BC7" value="true"/>
</engineerTo>
<nullsAllowed>true</nullsAllowed>
<use>0</use>
<ownDataTypeParameters>,,</ownDataTypeParameters>
</Attribute>
</attributes>
<identifiers itemClass="oracle.dbtools.crest.model.design.logical.CandidateKey">
<identifier id="A137DA5E-9DAF-FB77-EC94-BF07D816D60A" name="PERSON PK">
<createdBy>Wesley Pegoraro</createdBy>
<createdTime>2023-06-23 21:11:23 UTC</createdTime>
<ownerDesignName>ER Model - Law Firm</ownerDesignName>
<engineerTo>
<item key="0CC0B102-3D96-EF0A-36F7-111ED5E27BC7" value="true"/>
</engineerTo>
<pk>true</pk>
<usedAttributes>
<attributeRef>AD13B913-8737-7DD0-857A-29AEAA8F0EE8</attributeRef>
</usedAttributes>
</identifier>
</identifiers>
</Entity>