<?xml version = '1.0' encoding = 'UTF-8'?>
<Entity class="oracle.dbtools.crest.model.design.logical.Entity" directorySegmentName="seg_0" id="DFA939B9-0D22-6107-4714-FDDDEC13E5C5" name="OTHER">
<createdBy>Wesley Pegoraro</createdBy>
<createdTime>2023-06-23 20:49:24 UTC</createdTime>
<ownerDesignName>ER Model - Law Firm</ownerDesignName>
<engineerTo>
<item key="0CC0B102-3D96-EF0A-36F7-111ED5E27BC7" value="true"/>
</engineerTo>
<adequatelyNormalized>NO</adequatelyNormalized>
<expectedVolumes>0</expectedVolumes>
<fwdEngineeringStrategyName>Single Table</fwdEngineeringStrategyName>
<growthPercent>0</growthPercent>
<growthType>Year</growthType>
<hierarchicalParent>5EF0E333-A1AE-9E71-5EDA-77BAA36325DE</hierarchicalParent>
<maxVolumes>9999999</maxVolumes>
<minVolumes>0</minVolumes>
<normalForm>Third</normalForm>
<attributes itemClass="oracle.dbtools.crest.model.design.logical.Attribute">
<Attribute name="PO Box" id="612220DF-D967-85FA-EA6A-DC6136CB6BD7">
<createdBy>Wesley Pegoraro</createdBy>
<createdTime>2023-06-23 20:49:46 UTC</createdTime>
<ownerDesignName>ER Model - Law Firm</ownerDesignName>
<engineerTo>
<item key="0CC0B102-3D96-EF0A-36F7-111ED5E27BC7" value="true"/>
</engineerTo>
<use>0</use>
<ownDataTypeParameters>,,</ownDataTypeParameters>
</Attribute>
</attributes>
<identifiers itemClass="oracle.dbtools.crest.model.design.logical.CandidateKey">
<identifier id="F88653AB-2814-3F58-86D4-F57EA737B12A" name="OTHER PK">
<createdBy>Wesley Pegoraro</createdBy>
<createdTime>2023-06-23 21:11:07 UTC</createdTime>
<ownerDesignName>ER Model - Law Firm</ownerDesignName>
<engineerTo>
<item key="0CC0B102-3D96-EF0A-36F7-111ED5E27BC7" value="true"/>
</engineerTo>
<pk>true</pk>
<usedAttributes>
<attributeRef>612220DF-D967-85FA-EA6A-DC6136CB6BD7</attributeRef>
</usedAttributes>
</identifier>
</identifiers>
</Entity>