<?xml version = '1.0' encoding = 'UTF-8'?>
<Entity class="oracle.dbtools.crest.model.design.logical.Entity" directorySegmentName="seg_0" id="E0C3E20F-386D-65F3-5EE1-A8B78FAE53A1" name="CONTACT USE">
<createdBy>Wesley Pegoraro</createdBy>
<createdTime>2023-06-01 20:32:08 UTC</createdTime>
<ownerDesignName>ER Model - Law Firm</ownerDesignName>
<engineerTo>
<item key="0CC0B102-3D96-EF0A-36F7-111ED5E27BC7" value="true"/>
</engineerTo>
<adequatelyNormalized>NO</adequatelyNormalized>
<expectedVolumes>0</expectedVolumes>
<fwdEngineeringStrategyName>Single Table</fwdEngineeringStrategyName>
<growthPercent>0</growthPercent>
<growthType>Year</growthType>
<maxVolumes>9999999</maxVolumes>
<minVolumes>0</minVolumes>
<normalForm>Third</normalForm>
<attributes itemClass="oracle.dbtools.crest.model.design.logical.Attribute">
<Attribute name="Is Billing" id="4317E46E-69B8-9B99-5C7B-18F903527FA3">
<createdBy>Wesley Pegoraro</createdBy>
<createdTime>2023-06-01 20:32:19 UTC</createdTime>
<ownerDesignName>ER Model - Law Firm</ownerDesignName>
<engineerTo>
<item key="0CC0B102-3D96-EF0A-36F7-111ED5E27BC7" value="true"/>
</engineerTo>
<use>0</use>
<ownDataTypeParameters>,,</ownDataTypeParameters>
</Attribute>
<Attribute name="Email" id="32DBB8CB-51CF-FF45-7014-FB3296DD8E75">
<createdBy>Wesley Pegoraro</createdBy>
<createdTime>2023-06-23 21:11:24 UTC</createdTime>
<generatorID>BCE7DBAE-FE61-1297-F313-E676E24E70AB</generatorID>
<ownerDesignName>ER Model - Law Firm</ownerDesignName>
<engineerTo>
<item key="0CC0B102-3D96-EF0A-36F7-111ED5E27BC7" value="true"/>
</engineerTo>
<referedAttribute>AD13B913-8737-7DD0-857A-29AEAA8F0EE8</referedAttribute>
<use>0</use>
<ownDataTypeParameters>,,</ownDataTypeParameters>
</Attribute>
<Attribute name="Name" id="8AE0747B-4E39-9C12-A203-259C517F20CA">
<createdBy>Wesley Pegoraro</createdBy>
<createdTime>2023-06-23 21:11:32 UTC</createdTime>
<generatorID>B917D2BE-71B7-4505-D597-38E2E4EEC25F</generatorID>
<ownerDesignName>ER Model - Law Firm</ownerDesignName>
<engineerTo>
<item key="0CC0B102-3D96-EF0A-36F7-111ED5E27BC7" value="true"/>
</engineerTo>
<referedAttribute>80AAF4C4-4DAE-D288-755D-01576BB77290</referedAttribute>
<use>0</use>
<ownDataTypeParameters>,,</ownDataTypeParameters>
</Attribute>
</attributes>
</Entity>