<?xml version = '1.0' encoding = 'UTF-8'?>
<relationalModel class="oracle.dbtools.crest.model.design.relational.RelationalDesign" name="Relational_1" id="0CC0B102-3D96-EF0A-36F7-111ED5E27BC7" mainViewID="580CCB27-982F-D99C-381A-4F8D2FAA3AED">
<createdBy>Wesley Pegoraro</createdBy>
<createdTime>2023-05-24 14:40:53 UTC</createdTime>
<ownerDesignName>ER Model - Law Firm</ownerDesignName>
<shouldBeOpen>true</shouldBeOpen>
<selectedRDBMSSite>32076570-2523-435C-2E92-BF29817DFF70</selectedRDBMSSite>
</relationalModel>